recon_id,deal_id,asset_id,as_of_date,trustee_par,internal_par,break_amount,break_type,age_days,status
1,CLO-GOLB-241,A00001,2025-07-15,2751136.09,0.0,2751136.09,Missing Internally,13,Open
2,CLO-GOLB-241,A00002,2025-07-15,2626304.87,2626304.87,0.0,Matched,0,Matched
3,CLO-GOLB-241,A00003,2025-07-15,1704607.94,1704607.94,0.0,Matched,0,Matched
4,CLO-GOLB-241,A00004,2025-07-15,2363747.1,2363747.1,0.0,Matched,0,Matched
5,CLO-GOLB-241,A00005,2025-07-15,2609591.8,2609591.8,0.0,Matched,0,Matched
6,CLO-GOLB-241,A00006,2025-07-15,3406462.96,0.0,3406462.96,Missing Internally,5,Open
7,CLO-GOLB-241,A00007,2025-07-15,2526231.86,2526231.86,0.0,Matched,0,Matched
8,CLO-GOLB-241,A00008,2025-07-15,3087727.29,3087727.29,0.0,Matched,0,Matched
9,CLO-GOLB-241,A00009,2025-07-15,2444254.22,2444254.22,0.0,Matched,0,Matched
10,CLO-GOLB-241,A00010,2025-07-15,3587599.26,3587599.26,0.0,Matched,0,Matched
11,CLO-GOLB-241,A00011,2025-07-15,1905156.6,1905156.6,0.0,Matched,0,Matched
12,CLO-GOLB-241,A00012,2025-07-15,2324289.85,2324289.85,0.0,Matched,0,Matched
13,CLO-GOLB-241,A00013,2025-07-15,4071512.02,4071512.02,0.0,Matched,0,Matched
14,CLO-GOLB-241,A00014,2025-07-15,3190508.06,3190508.06,0.0,Matched,0,Matched
15,CLO-GOLB-241,A00015,2025-07-15,4303859.04,4303859.04,0.0,Matched,0,Matched
16,CLO-GOLB-241,A00016,2025-07-15,4219340.85,4219340.85,0.0,Matched,0,Matched
17,CLO-GOLB-241,A00017,2025-07-15,2869484.69,2869484.69,0.0,Matched,0,Matched
18,CLO-GOLB-241,A00018,2025-07-15,3609985.58,3609985.58,0.0,Matched,0,Matched
19,CLO-GOLB-241,A00019,2025-07-15,4283344.45,4283344.45,0.0,Matched,0,Matched
20,CLO-GOLB-241,A00020,2025-07-15,3833619.13,4259576.81,-425957.68,Position Break,14,Open
21,CLO-GOLB-241,A00021,2025-07-15,3769165.02,3769165.02,0.0,Matched,0,Matched
22,CLO-GOLB-241,A00022,2025-07-15,2062336.35,2062336.35,0.0,Matched,0,Matched
23,CLO-GOLB-241,A00023,2025-07-15,2149257.24,2149257.24,0.0,Matched,0,Matched
24,CLO-GOLB-241,A00024,2025-07-15,3488684.52,3488684.52,0.0,Matched,0,Matched
25,CLO-GOLB-241,A00025,2025-07-15,4351817.24,4351817.24,0.0,Matched,0,Matched
26,CLO-GOLB-241,A00026,2025-07-15,4005061.74,4005061.74,0.0,Matched,0,Matched
27,CLO-GOLB-241,A00027,2025-07-15,4268455.89,4268455.89,0.0,Matched,0,Matched
28,CLO-GOLB-241,A00028,2025-07-15,2431910.63,2431910.63,0.0,Matched,0,Matched
29,CLO-GOLB-241,A00029,2025-07-15,3878306.15,3878306.15,0.0,Matched,0,Matched
30,CLO-GOLB-241,A00030,2025-07-15,3142448.55,3142448.55,0.0,Matched,0,Matched
31,CLO-GOLB-241,A00031,2025-07-15,3452244.25,3452244.25,0.0,Matched,0,Matched
32,CLO-GOLB-241,A00032,2025-07-15,2224164.99,2224164.99,0.0,Matched,0,Matched
33,CLO-GOLB-241,A00033,2025-07-15,1769981.08,1769981.08,0.0,Matched,0,Matched
34,CLO-GOLB-241,A00034,2025-07-15,4280749.69,4280749.69,0.0,Matched,0,Matched
35,CLO-GOLB-241,A00035,2025-07-15,3552029.12,3552029.12,0.0,Matched,0,Matched
36,CLO-GOLB-241,A00036,2025-07-15,3812841.44,3812841.44,0.0,Matched,0,Matched
37,CLO-GOLB-241,A00037,2025-07-15,2952268.37,2952268.37,0.0,Matched,0,Matched
38,CLO-GOLB-241,A00038,2025-07-15,2901409.2,2901409.2,0.0,Matched,0,Matched
39,CLO-GOLB-241,A00039,2025-07-15,2820660.04,2820660.04,0.0,Matched,0,Matched
40,CLO-GOLB-241,A00040,2025-07-15,2460873.08,2460873.08,0.0,Matched,0,Matched
41,CLO-GOLB-241,A00041,2025-07-15,3756671.59,0.0,3756671.59,Missing Internally,11,Open
42,CLO-GOLB-241,A00042,2025-07-15,2561520.75,2561520.75,0.0,Matched,0,Matched
43,CLO-GOLB-241,A00043,2025-07-15,2609031.42,2609031.42,0.0,Matched,0,Matched
44,CLO-GOLB-241,A00044,2025-07-15,2974272.79,2703884.35,270388.44,Position Break,26,Escalated
45,CLO-GOLB-241,A00045,2025-07-15,3880334.24,0.0,3880334.24,Missing Internally,7,Open
46,CLO-GOLB-241,A00046,2025-07-15,0.0,2772004.65,-2772004.65,Missing at Trustee,3,Open
47,CLO-GOLB-241,A00047,2025-07-15,4045962.38,4045962.38,0.0,Matched,0,Matched
48,CLO-GOLB-241,A00048,2025-07-15,3462245.81,3462245.81,0.0,Matched,0,Matched
49,CLO-GOLB-241,A00049,2025-07-15,3108673.59,3108673.59,0.0,Matched,0,Matched
50,CLO-GOLB-241,A00050,2025-07-15,4283652.39,4283652.39,0.0,Matched,0,Matched
51,CLO-GOLB-241,A00051,2025-07-15,3051309.34,3051309.34,0.0,Matched,0,Matched
52,CLO-GOLB-241,A00052,2025-07-15,1340310.23,2680620.46,-1340310.23,Position Break,11,Open
53,CLO-GOLB-241,A00053,2025-07-15,3044309.78,3044309.78,0.0,Matched,0,Matched
54,CLO-GOLB-241,A00054,2025-07-15,3202904.24,3202904.24,0.0,Matched,0,Matched
55,CLO-GOLB-241,A00055,2025-07-15,4346210.58,4346210.58,0.0,Matched,0,Matched
56,CLO-GOLB-241,A00056,2025-07-15,2139710.46,2139710.46,0.0,Matched,0,Matched
57,CLO-GOLB-241,A00057,2025-07-15,2927204.47,2927204.47,0.0,Matched,0,Matched
58,CLO-GOLB-241,A00058,2025-07-15,3126400.8,3126400.8,0.0,Matched,0,Matched
59,CLO-GOLB-241,A00059,2025-07-15,2008009.26,2008009.26,0.0,Matched,0,Matched
60,CLO-GOLB-241,A00060,2025-07-15,0.0,4359737.25,-4359737.25,Missing at Trustee,10,Open
61,CLO-GOLB-241,A00061,2025-07-15,1970934.35,1970934.35,0.0,Matched,0,Matched
62,CLO-GOLB-241,A00062,2025-07-15,2668055.66,2668055.66,0.0,Matched,0,Matched
63,CLO-GOLB-241,A00063,2025-07-15,3355993.49,3355993.49,0.0,Matched,0,Matched
64,CLO-GOLB-241,A00064,2025-07-15,3025326.95,3025326.95,0.0,Matched,0,Matched
65,CLO-GOLB-241,A00065,2025-07-15,3009963.82,3009963.82,0.0,Matched,0,Matched
66,CLO-GOLB-241,A00066,2025-07-15,2810339.41,2810339.41,0.0,Matched,0,Matched
67,CLO-GOLB-241,A00067,2025-07-15,1505778.83,1505778.83,0.0,Matched,0,Matched
68,CLO-GOLB-241,A00068,2025-07-15,3040118.51,3377909.46,-337790.95,Position Break,11,Open
69,CLO-GOLB-241,A00069,2025-07-15,3522559.07,0.0,3522559.07,Missing Internally,5,Open
70,CLO-GOLB-241,A00070,2025-07-15,1956606.1,1956606.1,0.0,Matched,0,Matched
71,CLO-GOLB-241,A00071,2025-07-15,2143194.59,2143194.59,0.0,Matched,0,Matched
72,CLO-GOLB-241,A00072,2025-07-15,3684880.24,3684880.24,0.0,Matched,0,Matched
73,CLO-GOLB-241,A00073,2025-07-15,0.0,2620157.6,-2620157.6,Missing at Trustee,7,Open
74,CLO-GOLB-241,A00074,2025-07-15,2555203.14,2555203.14,0.0,Matched,0,Matched
75,CLO-GOLB-241,A00075,2025-07-15,2227149.86,2227149.86,0.0,Matched,0,Matched
76,CLO-GOLB-241,A00076,2025-07-15,2350169.26,2350169.26,0.0,Matched,0,Matched
77,CLO-GOLB-241,A00077,2025-07-15,1724394.87,1724394.87,0.0,Matched,0,Matched
78,CLO-GOLB-241,A00078,2025-07-15,3787802.52,3787802.52,0.0,Matched,0,Matched
79,CLO-GOLB-241,A00079,2025-07-15,1832918.03,1832918.03,0.0,Matched,0,Matched
80,CLO-GOLB-241,A00080,2025-07-15,2762693.75,2511539.77,251153.98,Position Break,13,Open
81,CLO-GOLB-241,A00081,2025-07-15,4305746.65,4305746.65,0.0,Matched,0,Matched
82,CLO-GOLB-241,A00082,2025-07-15,3396622.79,3396622.79,0.0,Matched,0,Matched
83,CLO-GOLB-241,A00083,2025-07-15,4366505.48,4366505.48,0.0,Matched,0,Matched
84,CLO-GOLB-241,A00084,2025-07-15,3808249.34,3808249.34,0.0,Matched,0,Matched
85,CLO-GOLB-241,A00085,2025-07-15,4318511.44,4318511.44,0.0,Matched,0,Matched
86,CLO-GOLB-241,A00086,2025-07-15,3342583.3,3342583.3,0.0,Matched,0,Matched
87,CLO-GOLB-241,A00087,2025-07-15,2632680.89,2632680.89,0.0,Matched,0,Matched
88,CLO-GOLB-241,A00088,2025-07-15,3221943.13,3221943.13,0.0,Matched,0,Matched
89,CLO-GOLB-241,A00089,2025-07-15,4411942.3,4411942.3,0.0,Matched,0,Matched
90,CLO-GOLB-241,A00090,2025-07-15,1878123.09,2086803.43,-208680.34,Position Break,30,Escalated
91,CLO-GOLB-241,A00091,2025-07-15,3205976.32,3205976.32,0.0,Matched,0,Matched
92,CLO-GOLB-241,A00092,2025-07-15,3638152.47,3638152.47,0.0,Matched,0,Matched
93,CLO-GOLB-241,A00093,2025-07-15,3536222.65,3536222.65,0.0,Matched,0,Matched
94,CLO-GOLB-241,A00094,2025-07-15,1910810.78,1910810.78,0.0,Matched,0,Matched
95,CLO-GOLB-241,A00095,2025-07-15,4805683.12,3844546.5,961136.62,Position Break,20,Escalated
96,CLO-GOLB-241,A00096,2025-07-15,2596139.32,2596139.32,0.0,Matched,0,Matched
97,CLO-GOLB-241,A00097,2025-07-15,3048136.56,3048136.56,0.0,Matched,0,Matched
98,CLO-GOLB-241,A00098,2025-07-15,3231562.6,3231562.6,0.0,Matched,0,Matched
99,CLO-GOLB-241,A00099,2025-07-15,3853270.56,3853270.56,0.0,Matched,0,Matched
100,CLO-GOLB-241,A00100,2025-07-15,3526066.38,3526066.38,0.0,Matched,0,Matched
101,CLO-GOLB-241,A00101,2025-07-15,4215189.0,4215189.0,0.0,Matched,0,Matched
102,CLO-GOLB-241,A00102,2025-07-15,1572719.85,1572719.85,0.0,Matched,0,Matched
103,CLO-GOLB-241,A00103,2025-07-15,3499384.09,3499384.09,0.0,Matched,0,Matched
104,CLO-GOLB-241,A00104,2025-07-15,2248156.78,2248156.78,0.0,Matched,0,Matched
105,CLO-GOLB-241,A00105,2025-07-15,1757713.78,1757713.78,0.0,Matched,0,Matched
106,CLO-GOLB-241,A00106,2025-07-15,2076242.87,2076242.87,0.0,Matched,0,Matched
107,CLO-GOLB-241,A00107,2025-07-15,3902469.26,3902469.26,0.0,Matched,0,Matched
108,CLO-GOLB-241,A00108,2025-07-15,3272139.11,3272139.11,0.0,Matched,0,Matched
109,CLO-GOLB-241,A00109,2025-07-15,2423412.88,3231217.17,-807804.29,Position Break,18,Escalated
110,CLO-GOLB-241,A00110,2025-07-15,4783163.72,4348330.65,434833.07,Position Break,19,Escalated
111,CLO-GOLB-241,A00111,2025-07-15,1855520.1,1855520.1,0.0,Matched,0,Matched
112,CLO-GOLB-241,A00112,2025-07-15,2673651.29,2673651.29,0.0,Matched,0,Matched
113,CLO-GOLB-241,A00113,2025-07-15,4087442.99,4087442.99,0.0,Matched,0,Matched
114,CLO-GOLB-241,A00114,2025-07-15,3092973.78,3436637.53,-343663.75,Position Break,27,Escalated
115,CLO-GOLB-241,A00115,2025-07-15,3937929.22,0.0,3937929.22,Missing Internally,18,Escalated
116,CLO-GOLB-241,A00116,2025-07-15,1713043.48,1713043.48,0.0,Matched,0,Matched
117,CLO-GOLB-241,A00117,2025-07-15,2715092.51,2715092.51,0.0,Matched,0,Matched
118,CLO-GOLB-241,A00118,2025-07-15,1660672.75,1660672.75,0.0,Matched,0,Matched
119,CLO-GOLB-241,A00119,2025-07-15,1699637.83,1699637.83,0.0,Matched,0,Matched
120,CLO-GOLB-241,A00120,2025-07-15,3903630.73,3903630.73,0.0,Matched,0,Matched
121,CLO-GOLB-241,A00121,2025-07-15,1724115.85,1724115.85,0.0,Matched,0,Matched
122,CLO-GOLB-241,A00122,2025-07-15,3028656.58,3028656.58,0.0,Matched,0,Matched
123,CLO-GOLB-241,A00123,2025-07-15,4034459.77,4034459.77,0.0,Matched,0,Matched
124,CLO-GOLB-241,A00124,2025-07-15,3824155.55,3824155.55,0.0,Matched,0,Matched
125,CLO-GOLB-241,A00125,2025-07-15,1490941.26,1490941.26,0.0,Matched,0,Matched
126,CLO-GOLB-241,A00126,2025-07-15,1575644.17,1575644.17,0.0,Matched,0,Matched
127,CLO-GOLB-241,A00127,2025-07-15,4122268.37,4122268.37,0.0,Matched,0,Matched
128,CLO-GOLB-241,A00128,2025-07-15,1936504.97,1936504.97,0.0,Matched,0,Matched
129,CLO-GOLB-241,A00129,2025-07-15,1593655.66,1593655.66,0.0,Matched,0,Matched
130,CLO-GOLB-241,A00130,2025-07-15,3364568.27,3364568.27,0.0,Matched,0,Matched
131,CLO-GOLB-241,A00131,2025-07-15,3199403.96,3199403.96,0.0,Matched,0,Matched
132,CLO-GOLB-241,A00132,2025-07-15,1585831.24,1585831.24,0.0,Matched,0,Matched
133,CLO-GOLB-241,A00133,2025-07-15,1945283.97,1945283.97,0.0,Matched,0,Matched
134,CLO-GOLB-241,A00134,2025-07-15,3609500.03,3609500.03,0.0,Matched,0,Matched
135,CLO-GOLB-241,A00135,2025-07-15,3873097.75,3873097.75,0.0,Matched,0,Matched
136,CLO-GOLB-241,A00136,2025-07-15,1578300.16,1578300.16,0.0,Matched,0,Matched
137,CLO-GOLB-241,A00137,2025-07-15,3670602.87,3670602.87,0.0,Matched,0,Matched
138,CLO-GOLB-241,A00138,2025-07-15,4251821.44,4251821.44,0.0,Matched,0,Matched
139,CLO-GOLB-241,A00139,2025-07-15,4205095.28,4205095.28,0.0,Matched,0,Matched
140,CLO-GOLB-241,A00140,2025-07-15,4405243.11,4405243.11,0.0,Matched,0,Matched
141,CLO-GOLB-241,A00141,2025-07-15,1433377.41,1433377.41,0.0,Matched,0,Matched
142,CLO-GOLB-241,A00142,2025-07-15,4455229.62,4455229.62,0.0,Matched,0,Matched
143,CLO-GOLB-241,A00143,2025-07-15,2120375.55,2120375.55,0.0,Matched,0,Matched
144,CLO-GOLB-241,A00144,2025-07-15,3662368.18,3662368.18,0.0,Matched,0,Matched
145,CLO-GOLB-241,A00145,2025-07-15,1543072.79,1543072.79,0.0,Matched,0,Matched
146,CLO-GOLB-241,A00146,2025-07-15,2952087.35,2952087.35,0.0,Matched,0,Matched
147,CLO-GOLB-241,A00147,2025-07-15,2370750.52,2370750.52,0.0,Matched,0,Matched
148,CLO-GOLB-241,A00148,2025-07-15,1824588.97,1824588.97,0.0,Matched,0,Matched
149,CLO-GOLB-241,A00149,2025-07-15,4354017.44,4354017.44,0.0,Matched,0,Matched
150,CLO-GOLB-241,A00150,2025-07-15,3536572.88,3536572.88,0.0,Matched,0,Matched
151,CLO-GOLB-241,A00151,2025-07-15,3476446.48,3476446.48,0.0,Matched,0,Matched
152,CLO-GOLB-241,A00152,2025-07-15,1698238.37,1698238.37,0.0,Matched,0,Matched
153,CLO-GOLB-241,A00153,2025-07-15,2545472.65,2545472.65,0.0,Matched,0,Matched
154,CLO-GOLB-241,A00154,2025-07-15,3381205.58,3381205.58,0.0,Matched,0,Matched
155,CLO-GOLB-241,A00155,2025-07-15,1921908.56,1921908.56,0.0,Matched,0,Matched
156,CLO-GOLB-241,A00156,2025-07-15,1980408.66,1980408.66,0.0,Matched,0,Matched
157,CLO-GOLB-241,A00157,2025-07-15,4104115.74,4104115.74,0.0,Matched,0,Matched
158,CLO-GOLB-241,A00158,2025-07-15,3375677.64,3068797.85,306879.79,Position Break,14,Open
159,CLO-GOLB-241,A00159,2025-07-15,2390886.18,2390886.18,0.0,Matched,0,Matched
160,CLO-GOLB-241,A00160,2025-07-15,3025371.67,3025371.67,0.0,Matched,0,Matched
161,CLO-GOLB-241,A00161,2025-07-15,4209383.79,4209383.79,0.0,Matched,0,Matched
162,CLO-GOLB-241,A00162,2025-07-15,3989454.53,3989454.53,0.0,Matched,0,Matched
163,CLO-GOLB-241,A00163,2025-07-15,4301885.52,4301885.52,0.0,Matched,0,Matched
164,CLO-GOLB-241,A00164,2025-07-15,1524948.96,1524948.96,0.0,Matched,0,Matched
165,CLO-GOLB-241,A00165,2025-07-15,2449364.06,2449364.06,0.0,Matched,0,Matched
166,CLO-GOLB-241,A00166,2025-07-15,3773140.47,3773140.47,0.0,Matched,0,Matched
167,CLO-GOLB-241,A00167,2025-07-15,2393935.41,2393935.41,0.0,Matched,0,Matched
168,CLO-GOLB-241,A00168,2025-07-15,4366559.44,4366559.44,0.0,Matched,0,Matched
169,CLO-GOLB-241,A00169,2025-07-15,3510990.65,3510990.65,0.0,Matched,0,Matched
170,CLO-GOLB-241,A00170,2025-07-15,1964932.23,1964932.23,0.0,Matched,0,Matched
171,CLO-GOLB-241,A00171,2025-07-15,1646586.82,1646586.82,0.0,Matched,0,Matched
172,CLO-GOLB-241,A00172,2025-07-15,2170880.65,2170880.65,0.0,Matched,0,Matched
173,CLO-GOLB-241,A00173,2025-07-15,1437651.66,1916868.88,-479217.22,Position Break,6,Open
174,CLO-GOLB-241,A00174,2025-07-15,2097737.97,2097737.97,0.0,Matched,0,Matched
175,CLO-GOLB-241,A00175,2025-07-15,4119846.6,4119846.6,0.0,Matched,0,Matched
176,CLO-GOLB-241,A00176,2025-07-15,3559856.6,3559856.6,0.0,Matched,0,Matched
177,CLO-GOLB-241,A00177,2025-07-15,1989058.07,1989058.07,0.0,Matched,0,Matched
178,CLO-GOLB-241,A00178,2025-07-15,2608553.89,2608553.89,0.0,Matched,0,Matched
179,CLO-GOLB-241,A00179,2025-07-15,3241468.45,3241468.45,0.0,Matched,0,Matched
180,CLO-GOLB-241,A00180,2025-07-15,0.0,3805227.06,-3805227.06,Missing at Trustee,4,Open
181,CLO-GOLB-241,A00181,2025-07-15,2536808.18,2536808.18,0.0,Matched,0,Matched
182,CLO-GOLB-241,A00182,2025-07-15,3535330.23,3535330.23,0.0,Matched,0,Matched
183,CLO-GOLB-241,A00183,2025-07-15,2590858.7,2590858.7,0.0,Matched,0,Matched
184,CLO-GOLB-241,A00184,2025-07-15,2614361.04,2614361.04,0.0,Matched,0,Matched
185,CLO-GOLB-241,A00185,2025-07-15,4307063.55,4307063.55,0.0,Matched,0,Matched
186,CLO-GOLB-241,A00186,2025-07-15,4426204.79,4426204.79,0.0,Matched,0,Matched
187,CLO-GOLB-241,A00187,2025-07-15,3873817.7,3873817.7,0.0,Matched,0,Matched
188,CLO-GOLB-241,A00188,2025-07-15,3810337.88,3810337.88,0.0,Matched,0,Matched
189,CLO-GOLB-241,A00189,2025-07-15,4354618.69,4354618.69,0.0,Matched,0,Matched
190,CLO-GOLB-241,A00190,2025-07-15,2578455.77,2578455.77,0.0,Matched,0,Matched
191,CLO-GOLB-241,A00191,2025-07-15,2635473.73,2635473.73,0.0,Matched,0,Matched
192,CLO-GOLB-241,A00192,2025-07-15,1220266.01,2440532.02,-1220266.01,Position Break,15,Open
193,CLO-GOLB-241,A00193,2025-07-15,3679589.74,3679589.74,0.0,Matched,0,Matched
194,CLO-GOLB-241,A00194,2025-07-15,3924575.12,3924575.12,0.0,Matched,0,Matched
195,CLO-GOLB-241,A00195,2025-07-15,2956262.28,2956262.28,0.0,Matched,0,Matched
196,CLO-GOLB-241,A00196,2025-07-15,1510011.86,1510011.86,0.0,Matched,0,Matched
197,CLO-GOLB-241,A00197,2025-07-15,1787224.11,1787224.11,0.0,Matched,0,Matched
198,CLO-GOLB-241,A00198,2025-07-15,1908244.86,1908244.86,0.0,Matched,0,Matched
199,CLO-GOLB-241,A00199,2025-07-15,3789820.6,3789820.6,0.0,Matched,0,Matched
200,CLO-GOLB-241,A00200,2025-07-15,4361660.87,4361660.87,0.0,Matched,0,Matched
201,CLO-GOLB-241,A00201,2025-07-15,4287983.16,4287983.16,0.0,Matched,0,Matched
202,CLO-GOLB-241,A00202,2025-07-15,2331478.08,2331478.08,0.0,Matched,0,Matched
203,CLO-GOLB-241,A00203,2025-07-15,2272042.83,2272042.83,0.0,Matched,0,Matched
204,CLO-GOLB-241,A00204,2025-07-15,4316017.76,4316017.76,0.0,Matched,0,Matched
205,CLO-GOLB-241,A00205,2025-07-15,3487352.71,3487352.71,0.0,Matched,0,Matched
206,CLO-GOLB-241,A00206,2025-07-15,3188982.89,3188982.89,0.0,Matched,0,Matched
207,CLO-GOLB-241,A00207,2025-07-15,4280848.4,4280848.4,0.0,Matched,0,Matched
208,CLO-GOLB-241,A00208,2025-07-15,1799653.47,0.0,1799653.47,Missing Internally,4,Open
209,CLO-GOLB-241,A00209,2025-07-15,2090854.21,2090854.21,0.0,Matched,0,Matched
210,CLO-GOLB-241,A00210,2025-07-15,2845566.71,2845566.71,0.0,Matched,0,Matched
211,CLO-GOLB-241,A00211,2025-07-15,2831686.29,2574260.26,257426.03,Position Break,11,Open
212,CLO-GOLB-241,A00212,2025-07-15,4134848.29,4134848.29,0.0,Matched,0,Matched
213,CLO-GOLB-241,A00213,2025-07-15,1948881.44,1948881.44,0.0,Matched,0,Matched
214,CLO-GOLB-241,A00214,2025-07-15,3806247.75,3806247.75,0.0,Matched,0,Matched
215,CLO-GOLB-241,A00215,2025-07-15,3038652.9,3038652.9,0.0,Matched,0,Matched
216,CLO-CARL-231,A00216,2025-07-15,1983583.72,1983583.72,0.0,Matched,0,Matched
217,CLO-CARL-231,A00217,2025-07-15,2350364.17,3133818.9,-783454.73,Position Break,22,Escalated
218,CLO-CARL-231,A00218,2025-07-15,2328697.77,2328697.77,0.0,Matched,0,Matched
219,CLO-CARL-231,A00219,2025-07-15,4073596.98,4073596.98,0.0,Matched,0,Matched
220,CLO-CARL-231,A00220,2025-07-15,2403959.9,2403959.9,0.0,Matched,0,Matched
221,CLO-CARL-231,A00221,2025-07-15,2836349.99,0.0,2836349.99,Missing Internally,22,Escalated
222,CLO-CARL-231,A00222,2025-07-15,3113766.35,3113766.35,0.0,Matched,0,Matched
223,CLO-CARL-231,A00223,2025-07-15,3404695.57,3404695.57,0.0,Matched,0,Matched
224,CLO-CARL-231,A00224,2025-07-15,3222715.66,3222715.66,0.0,Matched,0,Matched
225,CLO-CARL-231,A00225,2025-07-15,3308485.68,3308485.68,0.0,Matched,0,Matched
226,CLO-CARL-231,A00226,2025-07-15,3585437.14,3585437.14,0.0,Matched,0,Matched
227,CLO-CARL-231,A00227,2025-07-15,2181130.12,2181130.12,0.0,Matched,0,Matched
228,CLO-CARL-231,A00228,2025-07-15,2859985.17,2859985.17,0.0,Matched,0,Matched
229,CLO-CARL-231,A00229,2025-07-15,3184981.87,3184981.87,0.0,Matched,0,Matched
230,CLO-CARL-231,A00230,2025-07-15,2681925.9,0.0,2681925.9,Missing Internally,8,Open
231,CLO-CARL-231,A00231,2025-07-15,2708551.01,2708551.01,0.0,Matched,0,Matched
232,CLO-CARL-231,A00232,2025-07-15,2456770.38,2456770.38,0.0,Matched,0,Matched
233,CLO-CARL-231,A00233,2025-07-15,2435566.71,2435566.71,0.0,Matched,0,Matched
234,CLO-CARL-231,A00234,2025-07-15,2516481.79,2516481.79,0.0,Matched,0,Matched
235,CLO-CARL-231,A00235,2025-07-15,3054665.72,3054665.72,0.0,Matched,0,Matched
236,CLO-CARL-231,A00236,2025-07-15,2204852.73,2204852.73,0.0,Matched,0,Matched
237,CLO-CARL-231,A00237,2025-07-15,3613636.3,3613636.3,0.0,Matched,0,Matched
238,CLO-CARL-231,A00238,2025-07-15,2685694.29,2685694.29,0.0,Matched,0,Matched
239,CLO-CARL-231,A00239,2025-07-15,3701461.01,3701461.01,0.0,Matched,0,Matched
240,CLO-CARL-231,A00240,2025-07-15,3910114.19,3910114.19,0.0,Matched,0,Matched
241,CLO-CARL-231,A00241,2025-07-15,3671018.44,3671018.44,0.0,Matched,0,Matched
242,CLO-CARL-231,A00242,2025-07-15,2655954.85,2655954.85,0.0,Matched,0,Matched
243,CLO-CARL-231,A00243,2025-07-15,4081543.05,4081543.05,0.0,Matched,0,Matched
244,CLO-CARL-231,A00244,2025-07-15,3153320.71,3153320.71,0.0,Matched,0,Matched
245,CLO-CARL-231,A00245,2025-07-15,2101725.44,0.0,2101725.44,Missing Internally,15,Open
246,CLO-CARL-231,A00246,2025-07-15,4114145.87,4114145.87,0.0,Matched,0,Matched
247,CLO-CARL-231,A00247,2025-07-15,2307760.03,2307760.03,0.0,Matched,0,Matched
248,CLO-CARL-231,A00248,2025-07-15,1984694.45,1984694.45,0.0,Matched,0,Matched
249,CLO-CARL-231,A00249,2025-07-15,2934831.81,2934831.81,0.0,Matched,0,Matched
250,CLO-CARL-231,A00250,2025-07-15,3065026.37,3065026.37,0.0,Matched,0,Matched
251,CLO-CARL-231,A00251,2025-07-15,3484253.48,3484253.48,0.0,Matched,0,Matched
252,CLO-CARL-231,A00252,2025-07-15,1792627.49,0.0,1792627.49,Missing Internally,21,Escalated
253,CLO-CARL-231,A00253,2025-07-15,3299723.16,3299723.16,0.0,Matched,0,Matched
254,CLO-CARL-231,A00254,2025-07-15,1812042.24,1812042.24,0.0,Matched,0,Matched
255,CLO-CARL-231,A00255,2025-07-15,4054055.02,4054055.02,0.0,Matched,0,Matched
256,CLO-CARL-231,A00256,2025-07-15,3725309.39,3725309.39,0.0,Matched,0,Matched
257,CLO-CARL-231,A00257,2025-07-15,2055935.77,2055935.77,0.0,Matched,0,Matched
258,CLO-CARL-231,A00258,2025-07-15,3995167.36,3995167.36,0.0,Matched,0,Matched
259,CLO-CARL-231,A00259,2025-07-15,2339294.42,2339294.42,0.0,Matched,0,Matched
260,CLO-CARL-231,A00260,2025-07-15,1826814.66,2435752.88,-608938.22,Position Break,15,Open
261,CLO-CARL-231,A00261,2025-07-15,2292964.57,2292964.57,0.0,Matched,0,Matched
262,CLO-CARL-231,A00262,2025-07-15,3182562.76,3182562.76,0.0,Matched,0,Matched
263,CLO-CARL-231,A00263,2025-07-15,3508313.49,3508313.49,0.0,Matched,0,Matched
264,CLO-CARL-231,A00264,2025-07-15,3667507.8,3667507.8,0.0,Matched,0,Matched
265,CLO-CARL-231,A00265,2025-07-15,2365991.93,2365991.93,0.0,Matched,0,Matched
266,CLO-CARL-231,A00266,2025-07-15,3169156.22,3169156.22,0.0,Matched,0,Matched
267,CLO-CARL-231,A00267,2025-07-15,2627001.2,2627001.2,0.0,Matched,0,Matched
268,CLO-CARL-231,A00268,2025-07-15,2622031.91,2622031.91,0.0,Matched,0,Matched
269,CLO-CARL-231,A00269,2025-07-15,2101348.68,2101348.68,0.0,Matched,0,Matched
270,CLO-CARL-231,A00270,2025-07-15,2936962.55,2936962.55,0.0,Matched,0,Matched
271,CLO-CARL-231,A00271,2025-07-15,3939205.98,3939205.98,0.0,Matched,0,Matched
272,CLO-CARL-231,A00272,2025-07-15,3146917.01,3146917.01,0.0,Matched,0,Matched
273,CLO-CARL-231,A00273,2025-07-15,4004571.39,4004571.39,0.0,Matched,0,Matched
274,CLO-CARL-231,A00274,2025-07-15,2049815.19,2049815.19,0.0,Matched,0,Matched
275,CLO-CARL-231,A00275,2025-07-15,2831136.76,3774849.01,-943712.25,Position Break,33,Escalated
276,CLO-CARL-231,A00276,2025-07-15,3343083.85,3343083.85,0.0,Matched,0,Matched
277,CLO-CARL-231,A00277,2025-07-15,3152283.41,3152283.41,0.0,Matched,0,Matched
278,CLO-CARL-231,A00278,2025-07-15,3527009.8,3527009.8,0.0,Matched,0,Matched
279,CLO-CARL-231,A00279,2025-07-15,2741365.09,2741365.09,0.0,Matched,0,Matched
280,CLO-CARL-231,A00280,2025-07-15,2568106.29,2568106.29,0.0,Matched,0,Matched
281,CLO-CARL-231,A00281,2025-07-15,4009906.37,4009906.37,0.0,Matched,0,Matched
282,CLO-CARL-231,A00282,2025-07-15,3048373.93,3048373.93,0.0,Matched,0,Matched
283,CLO-CARL-231,A00283,2025-07-15,3422722.24,3422722.24,0.0,Matched,0,Matched
284,CLO-CARL-231,A00284,2025-07-15,3705135.19,3705135.19,0.0,Matched,0,Matched
285,CLO-CARL-231,A00285,2025-07-15,2910244.58,2910244.58,0.0,Matched,0,Matched
286,CLO-CARL-231,A00286,2025-07-15,3588324.45,3588324.45,0.0,Matched,0,Matched
287,CLO-CARL-231,A00287,2025-07-15,2617971.72,2617971.72,0.0,Matched,0,Matched
288,CLO-CARL-231,A00288,2025-07-15,4219711.85,4219711.85,0.0,Matched,0,Matched
289,CLO-CARL-231,A00289,2025-07-15,0.0,2341930.02,-2341930.02,Missing at Trustee,13,Open
290,CLO-CARL-231,A00290,2025-07-15,3475522.74,3475522.74,0.0,Matched,0,Matched
291,CLO-CARL-231,A00291,2025-07-15,1828671.94,1828671.94,0.0,Matched,0,Matched
292,CLO-CARL-231,A00292,2025-07-15,2365628.97,2365628.97,0.0,Matched,0,Matched
293,CLO-CARL-231,A00293,2025-07-15,3506803.95,3506803.95,0.0,Matched,0,Matched
294,CLO-CARL-231,A00294,2025-07-15,4064404.36,4064404.36,0.0,Matched,0,Matched
295,CLO-CARL-231,A00295,2025-07-15,2611535.06,2611535.06,0.0,Matched,0,Matched
296,CLO-CARL-231,A00296,2025-07-15,0.0,3187423.05,-3187423.05,Missing at Trustee,16,Escalated
297,CLO-CARL-231,A00297,2025-07-15,3179414.08,3179414.08,0.0,Matched,0,Matched
298,CLO-CARL-231,A00298,2025-07-15,2141580.84,2141580.84,0.0,Matched,0,Matched
299,CLO-CARL-231,A00299,2025-07-15,3064844.6,3064844.6,0.0,Matched,0,Matched
300,CLO-CARL-231,A00300,2025-07-15,4141956.73,4141956.73,0.0,Matched,0,Matched
301,CLO-CARL-231,A00301,2025-07-15,4073131.02,3702846.38,370284.64,Position Break,35,Escalated
302,CLO-CARL-231,A00302,2025-07-15,3813578.99,3813578.99,0.0,Matched,0,Matched
303,CLO-CARL-231,A00303,2025-07-15,2494832.91,2494832.91,0.0,Matched,0,Matched
304,CLO-CARL-231,A00304,2025-07-15,3567418.53,3567418.53,0.0,Matched,0,Matched
305,CLO-CARL-231,A00305,2025-07-15,2001244.07,2001244.07,0.0,Matched,0,Matched
306,CLO-CARL-231,A00306,2025-07-15,3275425.18,3275425.18,0.0,Matched,0,Matched
307,CLO-CARL-231,A00307,2025-07-15,2409327.18,2409327.18,0.0,Matched,0,Matched
308,CLO-CARL-231,A00308,2025-07-15,2697984.15,2697984.15,0.0,Matched,0,Matched
309,CLO-CARL-231,A00309,2025-07-15,3411383.87,3411383.87,0.0,Matched,0,Matched
310,CLO-CARL-231,A00310,2025-07-15,2895497.86,2895497.86,0.0,Matched,0,Matched
311,CLO-CARL-231,A00311,2025-07-15,2843042.66,2843042.66,0.0,Matched,0,Matched
312,CLO-CARL-231,A00312,2025-07-15,2665331.16,2665331.16,0.0,Matched,0,Matched
313,CLO-CARL-231,A00313,2025-07-15,3969021.73,3969021.73,0.0,Matched,0,Matched
314,CLO-CARL-231,A00314,2025-07-15,2709904.37,2709904.37,0.0,Matched,0,Matched
315,CLO-CARL-231,A00315,2025-07-15,2614644.31,2614644.31,0.0,Matched,0,Matched
316,CLO-CARL-231,A00316,2025-07-15,3237027.31,3237027.31,0.0,Matched,0,Matched
317,CLO-CARL-231,A00317,2025-07-15,2936584.95,2936584.95,0.0,Matched,0,Matched
318,CLO-CARL-231,A00318,2025-07-15,2299198.14,2554664.6,-255466.46,Position Break,24,Escalated
319,CLO-CARL-231,A00319,2025-07-15,3357723.67,3357723.67,0.0,Matched,0,Matched
320,CLO-CARL-231,A00320,2025-07-15,2841922.29,2841922.29,0.0,Matched,0,Matched
321,CLO-CARL-231,A00321,2025-07-15,2231998.56,0.0,2231998.56,Missing Internally,3,Open
322,CLO-CARL-231,A00322,2025-07-15,3642648.02,3642648.02,0.0,Matched,0,Matched
323,CLO-CARL-231,A00323,2025-07-15,2419272.17,2419272.17,0.0,Matched,0,Matched
324,CLO-CARL-231,A00324,2025-07-15,3759230.91,4176923.23,-417692.32,Position Break,37,Escalated
325,CLO-CARL-231,A00325,2025-07-15,3301835.63,3301835.63,0.0,Matched,0,Matched
326,CLO-CARL-231,A00326,2025-07-15,3743687.6,3743687.6,0.0,Matched,0,Matched
327,CLO-CARL-231,A00327,2025-07-15,0.0,2043027.25,-2043027.25,Missing at Trustee,25,Escalated
328,CLO-CARL-231,A00328,2025-07-15,4658163.88,3726531.1,931632.78,Position Break,33,Escalated
329,CLO-CARL-231,A00329,2025-07-15,3515282.09,3515282.09,0.0,Matched,0,Matched
330,CLO-CARL-231,A00330,2025-07-15,3256466.6,3256466.6,0.0,Matched,0,Matched
331,CLO-CARL-231,A00331,2025-07-15,2160338.76,2160338.76,0.0,Matched,0,Matched
332,CLO-CARL-231,A00332,2025-07-15,2083352.22,2083352.22,0.0,Matched,0,Matched
333,CLO-CARL-231,A00333,2025-07-15,2288582.31,2288582.31,0.0,Matched,0,Matched
334,CLO-CARL-231,A00334,2025-07-15,1776981.81,1776981.81,0.0,Matched,0,Matched
335,CLO-CARL-231,A00335,2025-07-15,2185235.5,2185235.5,0.0,Matched,0,Matched
336,CLO-CARL-231,A00336,2025-07-15,2325098.01,2325098.01,0.0,Matched,0,Matched
337,CLO-CARL-231,A00337,2025-07-15,3112932.73,2490346.18,622586.55,Position Break,2,Open
338,CLO-CARL-231,A00338,2025-07-15,2456515.82,2456515.82,0.0,Matched,0,Matched
339,CLO-CARL-231,A00339,2025-07-15,2122054.42,2122054.42,0.0,Matched,0,Matched
340,CLO-CARL-231,A00340,2025-07-15,3447776.89,3447776.89,0.0,Matched,0,Matched
341,CLO-CARL-231,A00341,2025-07-15,3628816.43,3628816.43,0.0,Matched,0,Matched
342,CLO-CARL-231,A00342,2025-07-15,4193955.52,4193955.52,0.0,Matched,0,Matched
343,CLO-CARL-231,A00343,2025-07-15,3539354.61,3539354.61,0.0,Matched,0,Matched
344,CLO-CARL-231,A00344,2025-07-15,2171074.77,2171074.77,0.0,Matched,0,Matched
345,CLO-CARL-231,A00345,2025-07-15,0.0,2839621.04,-2839621.04,Missing at Trustee,6,Open
346,CLO-CARL-231,A00346,2025-07-15,1743861.36,1743861.36,0.0,Matched,0,Matched
347,CLO-CARL-231,A00347,2025-07-15,2962169.42,2962169.42,0.0,Matched,0,Matched
348,CLO-CARL-231,A00348,2025-07-15,1807616.11,1807616.11,0.0,Matched,0,Matched
349,CLO-CARL-231,A00349,2025-07-15,3441661.21,3824068.01,-382406.8,Position Break,38,Escalated
350,CLO-CARL-231,A00350,2025-07-15,0.0,1729527.16,-1729527.16,Missing at Trustee,3,Open
351,CLO-CARL-231,A00351,2025-07-15,3587896.39,3587896.39,0.0,Matched,0,Matched
352,CLO-CARL-231,A00352,2025-07-15,1875323.4,1875323.4,0.0,Matched,0,Matched
353,CLO-CARL-231,A00353,2025-07-15,3035046.81,3035046.81,0.0,Matched,0,Matched
354,CLO-CARL-231,A00354,2025-07-15,3163209.75,3163209.75,0.0,Matched,0,Matched
355,CLO-CARL-231,A00355,2025-07-15,3369221.03,3369221.03,0.0,Matched,0,Matched
356,CLO-CARL-231,A00356,2025-07-15,3640582.0,3640582.0,0.0,Matched,0,Matched
357,CLO-CARL-231,A00357,2025-07-15,0.0,3590697.48,-3590697.48,Missing at Trustee,22,Escalated
358,CLO-CARL-231,A00358,2025-07-15,2243930.17,2039936.52,203993.65,Position Break,20,Escalated
359,CLO-CARL-231,A00359,2025-07-15,3451116.71,3451116.71,0.0,Matched,0,Matched
360,CLO-CARL-231,A00360,2025-07-15,2093422.25,2093422.25,0.0,Matched,0,Matched
361,CLO-CARL-231,A00361,2025-07-15,2015820.83,4031641.66,-2015820.83,Position Break,7,Open
362,CLO-CARL-231,A00362,2025-07-15,1791317.87,1791317.87,0.0,Matched,0,Matched
363,CLO-CARL-231,A00363,2025-07-15,2756007.45,2756007.45,0.0,Matched,0,Matched
364,CLO-CARL-231,A00364,2025-07-15,2669411.23,2669411.23,0.0,Matched,0,Matched
365,CLO-CARL-231,A00365,2025-07-15,3410193.57,3410193.57,0.0,Matched,0,Matched
366,CLO-CARL-231,A00366,2025-07-15,2699524.7,2699524.7,0.0,Matched,0,Matched
367,CLO-CARL-231,A00367,2025-07-15,2521555.06,2801727.85,-280172.79,Position Break,20,Escalated
368,CLO-CARL-231,A00368,2025-07-15,3263541.45,3263541.45,0.0,Matched,0,Matched
369,CLO-CARL-231,A00369,2025-07-15,1982546.62,1982546.62,0.0,Matched,0,Matched
370,CLO-CARL-231,A00370,2025-07-15,2586031.54,2586031.54,0.0,Matched,0,Matched
371,CLO-CARL-231,A00371,2025-07-15,3624169.47,3624169.47,0.0,Matched,0,Matched
372,CLO-CARL-231,A00372,2025-07-15,3742601.19,3742601.19,0.0,Matched,0,Matched
373,CLO-CARL-231,A00373,2025-07-15,2354347.35,2354347.35,0.0,Matched,0,Matched
374,CLO-CARL-231,A00374,2025-07-15,3036591.4,3036591.4,0.0,Matched,0,Matched
375,CLO-CARL-231,A00375,2025-07-15,1717436.58,1717436.58,0.0,Matched,0,Matched
376,CLO-CARL-231,A00376,2025-07-15,3348559.06,3348559.06,0.0,Matched,0,Matched
377,CLO-CARL-231,A00377,2025-07-15,1920186.71,1920186.71,0.0,Matched,0,Matched
378,CLO-CARL-231,A00378,2025-07-15,2544948.55,2544948.55,0.0,Matched,0,Matched
379,CLO-CARL-231,A00379,2025-07-15,1854005.75,1854005.75,0.0,Matched,0,Matched
380,CLO-CARL-231,A00380,2025-07-15,3978957.16,3978957.16,0.0,Matched,0,Matched
381,CLO-CARL-231,A00381,2025-07-15,2307792.93,2307792.93,0.0,Matched,0,Matched
382,CLO-CARL-231,A00382,2025-07-15,3174575.46,3174575.46,0.0,Matched,0,Matched
383,CLO-CARL-231,A00383,2025-07-15,4178946.91,4178946.91,0.0,Matched,0,Matched
384,CLO-CARL-231,A00384,2025-07-15,2164735.49,2164735.49,0.0,Matched,0,Matched
385,CLO-CARL-231,A00385,2025-07-15,4072063.0,4072063.0,0.0,Matched,0,Matched
386,CLO-ARES-222,A00386,2025-07-15,2622398.78,2622398.78,0.0,Matched,0,Matched
387,CLO-ARES-222,A00387,2025-07-15,2611758.16,2611758.16,0.0,Matched,0,Matched
388,CLO-ARES-222,A00388,2025-07-15,3417834.22,3417834.22,0.0,Matched,0,Matched
389,CLO-ARES-222,A00389,2025-07-15,2274809.52,0.0,2274809.52,Missing Internally,28,Escalated
390,CLO-ARES-222,A00390,2025-07-15,2918186.77,2918186.77,0.0,Matched,0,Matched
391,CLO-ARES-222,A00391,2025-07-15,2426966.37,2426966.37,0.0,Matched,0,Matched
392,CLO-ARES-222,A00392,2025-07-15,3491941.46,3491941.46,0.0,Matched,0,Matched
393,CLO-ARES-222,A00393,2025-07-15,2991977.62,2991977.62,0.0,Matched,0,Matched
394,CLO-ARES-222,A00394,2025-07-15,2190665.07,2190665.07,0.0,Matched,0,Matched
395,CLO-ARES-222,A00395,2025-07-15,2695868.9,2695868.9,0.0,Matched,0,Matched
396,CLO-ARES-222,A00396,2025-07-15,3355954.32,3355954.32,0.0,Matched,0,Matched
397,CLO-ARES-222,A00397,2025-07-15,3010474.24,3010474.24,0.0,Matched,0,Matched
398,CLO-ARES-222,A00398,2025-07-15,3291514.16,3291514.16,0.0,Matched,0,Matched
399,CLO-ARES-222,A00399,2025-07-15,2360502.71,2360502.71,0.0,Matched,0,Matched
400,CLO-ARES-222,A00400,2025-07-15,3504561.36,3504561.36,0.0,Matched,0,Matched
401,CLO-ARES-222,A00401,2025-07-15,3098768.42,3098768.42,0.0,Matched,0,Matched
402,CLO-ARES-222,A00402,2025-07-15,3451435.69,3451435.69,0.0,Matched,0,Matched
403,CLO-ARES-222,A00403,2025-07-15,3503193.01,3503193.01,0.0,Matched,0,Matched
404,CLO-ARES-222,A00404,2025-07-15,2433506.19,2433506.19,0.0,Matched,0,Matched
405,CLO-ARES-222,A00405,2025-07-15,1828202.9,1828202.9,0.0,Matched,0,Matched
406,CLO-ARES-222,A00406,2025-07-15,2300666.26,2300666.26,0.0,Matched,0,Matched
407,CLO-ARES-222,A00407,2025-07-15,1706587.46,0.0,1706587.46,Missing Internally,4,Open
408,CLO-ARES-222,A00408,2025-07-15,1816208.27,1816208.27,0.0,Matched,0,Matched
409,CLO-ARES-222,A00409,2025-07-15,3013397.5,3013397.5,0.0,Matched,0,Matched
410,CLO-ARES-222,A00410,2025-07-15,1968999.21,1968999.21,0.0,Matched,0,Matched
411,CLO-ARES-222,A00411,2025-07-15,1934415.87,1934415.87,0.0,Matched,0,Matched
412,CLO-ARES-222,A00412,2025-07-15,0.0,1909501.51,-1909501.51,Missing at Trustee,9,Open
413,CLO-ARES-222,A00413,2025-07-15,3204976.99,3561085.54,-356108.55,Position Break,22,Escalated
414,CLO-ARES-222,A00414,2025-07-15,3383221.6,3383221.6,0.0,Matched,0,Matched
415,CLO-ARES-222,A00415,2025-07-15,2300737.8,2300737.8,0.0,Matched,0,Matched
416,CLO-ARES-222,A00416,2025-07-15,2477970.72,2477970.72,0.0,Matched,0,Matched
417,CLO-ARES-222,A00417,2025-07-15,1872210.9,1872210.9,0.0,Matched,0,Matched
418,CLO-ARES-222,A00418,2025-07-15,3401128.32,3401128.32,0.0,Matched,0,Matched
419,CLO-ARES-222,A00419,2025-07-15,2144917.37,2144917.37,0.0,Matched,0,Matched
420,CLO-ARES-222,A00420,2025-07-15,3754036.01,3754036.01,0.0,Matched,0,Matched
421,CLO-ARES-222,A00421,2025-07-15,3442776.48,3442776.48,0.0,Matched,0,Matched
422,CLO-ARES-222,A00422,2025-07-15,1778307.3,1778307.3,0.0,Matched,0,Matched
423,CLO-ARES-222,A00423,2025-07-15,2099432.71,0.0,2099432.71,Missing Internally,28,Escalated
424,CLO-ARES-222,A00424,2025-07-15,2259755.47,2259755.47,0.0,Matched,0,Matched
425,CLO-ARES-222,A00425,2025-07-15,2288063.36,2288063.36,0.0,Matched,0,Matched
426,CLO-ARES-222,A00426,2025-07-15,2734748.78,2734748.78,0.0,Matched,0,Matched
427,CLO-ARES-222,A00427,2025-07-15,3750761.93,3750761.93,0.0,Matched,0,Matched
428,CLO-ARES-222,A00428,2025-07-15,2457820.0,2457820.0,0.0,Matched,0,Matched
429,CLO-ARES-222,A00429,2025-07-15,1806748.41,2408997.88,-602249.47,Position Break,2,Open
430,CLO-ARES-222,A00430,2025-07-15,3192373.0,3192373.0,0.0,Matched,0,Matched
431,CLO-ARES-222,A00431,2025-07-15,2938713.34,2938713.34,0.0,Matched,0,Matched
432,CLO-ARES-222,A00432,2025-07-15,2548909.1,2548909.1,0.0,Matched,0,Matched
433,CLO-ARES-222,A00433,2025-07-15,2423496.14,2423496.14,0.0,Matched,0,Matched
434,CLO-ARES-222,A00434,2025-07-15,3213970.15,3213970.15,0.0,Matched,0,Matched
435,CLO-ARES-222,A00435,2025-07-15,2159358.96,2159358.96,0.0,Matched,0,Matched
436,CLO-ARES-222,A00436,2025-07-15,3587793.27,3587793.27,0.0,Matched,0,Matched
437,CLO-ARES-222,A00437,2025-07-15,3711457.87,3711457.87,0.0,Matched,0,Matched
438,CLO-ARES-222,A00438,2025-07-15,1760537.69,1760537.69,0.0,Matched,0,Matched
439,CLO-ARES-222,A00439,2025-07-15,1902444.18,1902444.18,0.0,Matched,0,Matched
440,CLO-ARES-222,A00440,2025-07-15,2937394.21,2937394.21,0.0,Matched,0,Matched
441,CLO-ARES-222,A00441,2025-07-15,2679409.65,0.0,2679409.65,Missing Internally,27,Escalated
442,CLO-ARES-222,A00442,2025-07-15,3444655.5,3444655.5,0.0,Matched,0,Matched
443,CLO-ARES-222,A00443,2025-07-15,2375991.95,2375991.95,0.0,Matched,0,Matched
444,CLO-ARES-222,A00444,2025-07-15,3684706.43,3684706.43,0.0,Matched,0,Matched
445,CLO-ARES-222,A00445,2025-07-15,0.0,1653018.52,-1653018.52,Missing at Trustee,24,Escalated
446,CLO-ARES-222,A00446,2025-07-15,2394982.03,2394982.03,0.0,Matched,0,Matched
447,CLO-ARES-222,A00447,2025-07-15,3047011.51,3047011.51,0.0,Matched,0,Matched
448,CLO-ARES-222,A00448,2025-07-15,3097728.12,3097728.12,0.0,Matched,0,Matched
449,CLO-ARES-222,A00449,2025-07-15,1852727.44,1852727.44,0.0,Matched,0,Matched
450,CLO-ARES-222,A00450,2025-07-15,2916385.04,2916385.04,0.0,Matched,0,Matched
451,CLO-ARES-222,A00451,2025-07-15,2442998.36,2442998.36,0.0,Matched,0,Matched
452,CLO-ARES-222,A00452,2025-07-15,2640435.36,2640435.36,0.0,Matched,0,Matched
453,CLO-ARES-222,A00453,2025-07-15,2968390.86,3298212.07,-329821.21,Position Break,7,Open
454,CLO-ARES-222,A00454,2025-07-15,3390817.83,3390817.83,0.0,Matched,0,Matched
455,CLO-ARES-222,A00455,2025-07-15,1939440.41,1939440.41,0.0,Matched,0,Matched
456,CLO-ARES-222,A00456,2025-07-15,2866928.72,2866928.72,0.0,Matched,0,Matched
457,CLO-ARES-222,A00457,2025-07-15,1956222.81,1956222.81,0.0,Matched,0,Matched
458,CLO-ARES-222,A00458,2025-07-15,3206320.28,3206320.28,0.0,Matched,0,Matched
459,CLO-ARES-222,A00459,2025-07-15,3778762.31,3778762.31,0.0,Matched,0,Matched
460,CLO-ARES-222,A00460,2025-07-15,2365115.37,2365115.37,0.0,Matched,0,Matched
461,CLO-ARES-222,A00461,2025-07-15,2041699.85,2041699.85,0.0,Matched,0,Matched
462,CLO-ARES-222,A00462,2025-07-15,1930914.22,1930914.22,0.0,Matched,0,Matched
463,CLO-ARES-222,A00463,2025-07-15,2785771.94,2785771.94,0.0,Matched,0,Matched
464,CLO-ARES-222,A00464,2025-07-15,2507111.89,2507111.89,0.0,Matched,0,Matched
465,CLO-ARES-222,A00465,2025-07-15,3633857.28,3633857.28,0.0,Matched,0,Matched
466,CLO-ARES-222,A00466,2025-07-15,1910507.68,1910507.68,0.0,Matched,0,Matched
467,CLO-ARES-222,A00467,2025-07-15,1766048.41,1766048.41,0.0,Matched,0,Matched
468,CLO-ARES-222,A00468,2025-07-15,3440927.36,3440927.36,0.0,Matched,0,Matched
469,CLO-ARES-222,A00469,2025-07-15,3348076.37,3348076.37,0.0,Matched,0,Matched
470,CLO-ARES-222,A00470,2025-07-15,2429912.66,2429912.66,0.0,Matched,0,Matched
471,CLO-ARES-222,A00471,2025-07-15,3535810.74,3535810.74,0.0,Matched,0,Matched
472,CLO-ARES-222,A00472,2025-07-15,3346208.35,3346208.35,0.0,Matched,0,Matched
473,CLO-ARES-222,A00473,2025-07-15,2951966.93,2951966.93,0.0,Matched,0,Matched
474,CLO-ARES-222,A00474,2025-07-15,2138546.49,2138546.49,0.0,Matched,0,Matched
475,CLO-ARES-222,A00475,2025-07-15,2986522.21,2986522.21,0.0,Matched,0,Matched
476,CLO-ARES-222,A00476,2025-07-15,3629208.1,3629208.1,0.0,Matched,0,Matched
477,CLO-ARES-222,A00477,2025-07-15,3233765.9,3233765.9,0.0,Matched,0,Matched
478,CLO-ARES-222,A00478,2025-07-15,2592409.62,2592409.62,0.0,Matched,0,Matched
479,CLO-ARES-222,A00479,2025-07-15,1840049.52,1840049.52,0.0,Matched,0,Matched
480,CLO-ARES-222,A00480,2025-07-15,2315680.28,2572978.09,-257297.81,Position Break,18,Escalated
481,CLO-ARES-222,A00481,2025-07-15,3743948.32,3743948.32,0.0,Matched,0,Matched
482,CLO-ARES-222,A00482,2025-07-15,2534701.81,2534701.81,0.0,Matched,0,Matched
483,CLO-ARES-222,A00483,2025-07-15,3482386.25,3482386.25,0.0,Matched,0,Matched
484,CLO-ARES-222,A00484,2025-07-15,829374.16,1658748.31,-829374.15,Position Break,9,Open
485,CLO-ARES-222,A00485,2025-07-15,2584836.94,2872041.04,-287204.1,Position Break,6,Open
486,CLO-ARES-222,A00486,2025-07-15,2667152.6,2667152.6,0.0,Matched,0,Matched
487,CLO-ARES-222,A00487,2025-07-15,2509520.75,2509520.75,0.0,Matched,0,Matched
488,CLO-ARES-222,A00488,2025-07-15,3153242.93,3153242.93,0.0,Matched,0,Matched
489,CLO-ARES-222,A00489,2025-07-15,3518290.06,3518290.06,0.0,Matched,0,Matched
490,CLO-ARES-222,A00490,2025-07-15,1135396.08,2270792.17,-1135396.09,Position Break,22,Escalated
491,CLO-ARES-222,A00491,2025-07-15,2355637.84,2355637.84,0.0,Matched,0,Matched
492,CLO-ARES-222,A00492,2025-07-15,2970616.55,2970616.55,0.0,Matched,0,Matched
493,CLO-ARES-222,A00493,2025-07-15,1873665.95,1873665.95,0.0,Matched,0,Matched
494,CLO-ARES-222,A00494,2025-07-15,2322591.36,2322591.36,0.0,Matched,0,Matched
495,CLO-ARES-222,A00495,2025-07-15,2770025.42,2770025.42,0.0,Matched,0,Matched
496,CLO-ARES-222,A00496,2025-07-15,3088156.07,3088156.07,0.0,Matched,0,Matched
497,CLO-ARES-222,A00497,2025-07-15,2015248.23,2015248.23,0.0,Matched,0,Matched
498,CLO-ARES-222,A00498,2025-07-15,2757018.12,2757018.12,0.0,Matched,0,Matched
499,CLO-ARES-222,A00499,2025-07-15,3227891.12,3227891.12,0.0,Matched,0,Matched
500,CLO-ARES-222,A00500,2025-07-15,2371037.99,2371037.99,0.0,Matched,0,Matched
501,CLO-ARES-222,A00501,2025-07-15,1913581.1,1913581.1,0.0,Matched,0,Matched
502,CLO-ARES-222,A00502,2025-07-15,2393447.61,2393447.61,0.0,Matched,0,Matched
503,CLO-ARES-222,A00503,2025-07-15,3163671.97,3163671.97,0.0,Matched,0,Matched
504,CLO-ARES-222,A00504,2025-07-15,1214679.48,2429358.95,-1214679.47,Position Break,37,Escalated
505,CLO-ARES-222,A00505,2025-07-15,1980068.17,1980068.17,0.0,Matched,0,Matched
506,CLO-ARES-222,A00506,2025-07-15,1636596.6,1636596.6,0.0,Matched,0,Matched
507,CLO-ARES-222,A00507,2025-07-15,0.0,3755087.35,-3755087.35,Missing at Trustee,19,Escalated
508,CLO-ARES-222,A00508,2025-07-15,2666527.5,2666527.5,0.0,Matched,0,Matched
509,CLO-ARES-222,A00509,2025-07-15,2335398.38,2335398.38,0.0,Matched,0,Matched
510,CLO-ARES-222,A00510,2025-07-15,3470338.68,3470338.68,0.0,Matched,0,Matched
511,CLO-ARES-222,A00511,2025-07-15,3674184.2,3674184.2,0.0,Matched,0,Matched
512,CLO-ARES-222,A00512,2025-07-15,2375654.55,2375654.55,0.0,Matched,0,Matched
513,CLO-ARES-222,A00513,2025-07-15,2253530.07,2253530.07,0.0,Matched,0,Matched
514,CLO-ARES-222,A00514,2025-07-15,2078108.88,2078108.88,0.0,Matched,0,Matched
515,CLO-ARES-222,A00515,2025-07-15,2515688.27,2515688.27,0.0,Matched,0,Matched
516,CLO-ARES-222,A00516,2025-07-15,1691496.8,2255329.07,-563832.27,Position Break,34,Escalated
517,CLO-ARES-222,A00517,2025-07-15,1685514.15,1685514.15,0.0,Matched,0,Matched
518,CLO-ARES-222,A00518,2025-07-15,2251479.74,2251479.74,0.0,Matched,0,Matched
519,CLO-ARES-222,A00519,2025-07-15,3244937.04,3244937.04,0.0,Matched,0,Matched
520,CLO-ARES-222,A00520,2025-07-15,2739309.48,2739309.48,0.0,Matched,0,Matched
521,CLO-ARES-222,A00521,2025-07-15,2402700.47,2402700.47,0.0,Matched,0,Matched
522,CLO-ARES-222,A00522,2025-07-15,3658811.52,3658811.52,0.0,Matched,0,Matched
523,CLO-ARES-222,A00523,2025-07-15,3421239.55,3421239.55,0.0,Matched,0,Matched
524,CLO-ARES-222,A00524,2025-07-15,1939103.92,1939103.92,0.0,Matched,0,Matched
525,CLO-ARES-222,A00525,2025-07-15,2107030.42,2107030.42,0.0,Matched,0,Matched
526,CLO-ARES-222,A00526,2025-07-15,3268242.22,3268242.22,0.0,Matched,0,Matched
527,CLO-ARES-222,A00527,2025-07-15,2413946.27,2413946.27,0.0,Matched,0,Matched
528,CLO-ARES-222,A00528,2025-07-15,3242538.73,3242538.73,0.0,Matched,0,Matched
529,CLO-ARES-222,A00529,2025-07-15,1797828.84,1797828.84,0.0,Matched,0,Matched
530,CLO-ARES-222,A00530,2025-07-15,3347975.5,3347975.5,0.0,Matched,0,Matched
531,CLO-ARES-222,A00531,2025-07-15,1836663.62,1836663.62,0.0,Matched,0,Matched
532,CLO-ARES-222,A00532,2025-07-15,3246309.25,3246309.25,0.0,Matched,0,Matched
533,CLO-ARES-222,A00533,2025-07-15,1842309.38,1842309.38,0.0,Matched,0,Matched
534,CLO-ARES-222,A00534,2025-07-15,1636671.72,1636671.72,0.0,Matched,0,Matched
535,CLO-ARES-222,A00535,2025-07-15,2581224.64,2581224.64,0.0,Matched,0,Matched
536,CLO-BAIN-241,A00536,2025-07-15,3004636.47,3004636.47,0.0,Matched,0,Matched
537,CLO-BAIN-241,A00537,2025-07-15,3954138.65,3954138.65,0.0,Matched,0,Matched
538,CLO-BAIN-241,A00538,2025-07-15,1763102.48,1763102.48,0.0,Matched,0,Matched
539,CLO-BAIN-241,A00539,2025-07-15,2825598.04,2825598.04,0.0,Matched,0,Matched
540,CLO-BAIN-241,A00540,2025-07-15,2962244.52,2962244.52,0.0,Matched,0,Matched
541,CLO-BAIN-241,A00541,2025-07-15,3062258.22,3062258.22,0.0,Matched,0,Matched
542,CLO-BAIN-241,A00542,2025-07-15,0.0,1720606.22,-1720606.22,Missing at Trustee,2,Open
543,CLO-BAIN-241,A00543,2025-07-15,3007950.39,0.0,3007950.39,Missing Internally,11,Open
544,CLO-BAIN-241,A00544,2025-07-15,2801663.63,2801663.63,0.0,Matched,0,Matched
545,CLO-BAIN-241,A00545,2025-07-15,3413730.03,3413730.03,0.0,Matched,0,Matched
546,CLO-BAIN-241,A00546,2025-07-15,3556731.16,3556731.16,0.0,Matched,0,Matched
547,CLO-BAIN-241,A00547,2025-07-15,2132518.93,2843358.57,-710839.64,Position Break,4,Open
548,CLO-BAIN-241,A00548,2025-07-15,2678734.28,3571645.7,-892911.42,Position Break,32,Escalated
549,CLO-BAIN-241,A00549,2025-07-15,2568064.82,2568064.82,0.0,Matched,0,Matched
550,CLO-BAIN-241,A00550,2025-07-15,2606266.99,2606266.99,0.0,Matched,0,Matched
551,CLO-BAIN-241,A00551,2025-07-15,3624400.73,3624400.73,0.0,Matched,0,Matched
552,CLO-BAIN-241,A00552,2025-07-15,1318923.85,1758565.14,-439641.29,Position Break,2,Open
553,CLO-BAIN-241,A00553,2025-07-15,1872914.11,1872914.11,0.0,Matched,0,Matched
554,CLO-BAIN-241,A00554,2025-07-15,2171244.89,2171244.89,0.0,Matched,0,Matched
555,CLO-BAIN-241,A00555,2025-07-15,2608276.93,2608276.93,0.0,Matched,0,Matched
556,CLO-BAIN-241,A00556,2025-07-15,2494369.39,0.0,2494369.39,Missing Internally,25,Escalated
557,CLO-BAIN-241,A00557,2025-07-15,2477895.57,2477895.57,0.0,Matched,0,Matched
558,CLO-BAIN-241,A00558,2025-07-15,2175026.45,2175026.45,0.0,Matched,0,Matched
559,CLO-BAIN-241,A00559,2025-07-15,2654474.21,2654474.21,0.0,Matched,0,Matched
560,CLO-BAIN-241,A00560,2025-07-15,2165057.12,2165057.12,0.0,Matched,0,Matched
561,CLO-BAIN-241,A00561,2025-07-15,3910556.65,3555051.5,355505.15,Position Break,26,Escalated
562,CLO-BAIN-241,A00562,2025-07-15,2225387.18,2225387.18,0.0,Matched,0,Matched
563,CLO-BAIN-241,A00563,2025-07-15,1731408.24,1731408.24,0.0,Matched,0,Matched
564,CLO-BAIN-241,A00564,2025-07-15,2969979.7,2969979.7,0.0,Matched,0,Matched
565,CLO-BAIN-241,A00565,2025-07-15,3829911.97,3829911.97,0.0,Matched,0,Matched
566,CLO-BAIN-241,A00566,2025-07-15,1807797.8,1807797.8,0.0,Matched,0,Matched
567,CLO-BAIN-241,A00567,2025-07-15,4739185.89,3791348.71,947837.18,Position Break,30,Escalated
568,CLO-BAIN-241,A00568,2025-07-15,1725931.25,1725931.25,0.0,Matched,0,Matched
569,CLO-BAIN-241,A00569,2025-07-15,2851797.13,2851797.13,0.0,Matched,0,Matched
570,CLO-BAIN-241,A00570,2025-07-15,3646668.81,3646668.81,0.0,Matched,0,Matched
571,CLO-BAIN-241,A00571,2025-07-15,2277410.32,2277410.32,0.0,Matched,0,Matched
572,CLO-BAIN-241,A00572,2025-07-15,2815514.54,3754019.39,-938504.85,Position Break,14,Open
573,CLO-BAIN-241,A00573,2025-07-15,3232595.81,3232595.81,0.0,Matched,0,Matched
574,CLO-BAIN-241,A00574,2025-07-15,3810155.74,3810155.74,0.0,Matched,0,Matched
575,CLO-BAIN-241,A00575,2025-07-15,1620873.6,1620873.6,0.0,Matched,0,Matched
576,CLO-BAIN-241,A00576,2025-07-15,2223782.72,2223782.72,0.0,Matched,0,Matched
577,CLO-BAIN-241,A00577,2025-07-15,2224053.18,2224053.18,0.0,Matched,0,Matched
578,CLO-BAIN-241,A00578,2025-07-15,2277311.62,2277311.62,0.0,Matched,0,Matched
579,CLO-BAIN-241,A00579,2025-07-15,3350885.14,3350885.14,0.0,Matched,0,Matched
580,CLO-BAIN-241,A00580,2025-07-15,2151813.37,2151813.37,0.0,Matched,0,Matched
581,CLO-BAIN-241,A00581,2025-07-15,3285043.53,3285043.53,0.0,Matched,0,Matched
582,CLO-BAIN-241,A00582,2025-07-15,2280128.18,0.0,2280128.18,Missing Internally,22,Escalated
583,CLO-BAIN-241,A00583,2025-07-15,1617952.22,1617952.22,0.0,Matched,0,Matched
584,CLO-BAIN-241,A00584,2025-07-15,834797.62,1669595.24,-834797.62,Position Break,23,Escalated
585,CLO-BAIN-241,A00585,2025-07-15,0.0,2696642.93,-2696642.93,Missing at Trustee,6,Open
586,CLO-BAIN-241,A00586,2025-07-15,0.0,3080083.13,-3080083.13,Missing at Trustee,4,Open
587,CLO-BAIN-241,A00587,2025-07-15,3503873.49,0.0,3503873.49,Missing Internally,21,Escalated
588,CLO-BAIN-241,A00588,2025-07-15,2029189.12,2029189.12,0.0,Matched,0,Matched
589,CLO-BAIN-241,A00589,2025-07-15,3138742.38,3138742.38,0.0,Matched,0,Matched
590,CLO-BAIN-241,A00590,2025-07-15,3182145.43,3182145.43,0.0,Matched,0,Matched
591,CLO-BAIN-241,A00591,2025-07-15,1821570.09,1821570.09,0.0,Matched,0,Matched
592,CLO-BAIN-241,A00592,2025-07-15,2704427.77,2704427.77,0.0,Matched,0,Matched
593,CLO-BAIN-241,A00593,2025-07-15,1795462.42,1795462.42,0.0,Matched,0,Matched
594,CLO-BAIN-241,A00594,2025-07-15,2952777.55,2952777.55,0.0,Matched,0,Matched
595,CLO-BAIN-241,A00595,2025-07-15,2952641.62,2952641.62,0.0,Matched,0,Matched
596,CLO-BAIN-241,A00596,2025-07-15,3467497.85,3467497.85,0.0,Matched,0,Matched
597,CLO-BAIN-241,A00597,2025-07-15,3193354.48,3193354.48,0.0,Matched,0,Matched
598,CLO-BAIN-241,A00598,2025-07-15,3931057.89,3931057.89,0.0,Matched,0,Matched
599,CLO-BAIN-241,A00599,2025-07-15,2736579.83,2736579.83,0.0,Matched,0,Matched
600,CLO-BAIN-241,A00600,2025-07-15,3066791.81,0.0,3066791.81,Missing Internally,22,Escalated
601,CLO-BAIN-241,A00601,2025-07-15,1872867.14,1872867.14,0.0,Matched,0,Matched
602,CLO-BAIN-241,A00602,2025-07-15,3088820.12,3088820.12,0.0,Matched,0,Matched
603,CLO-BAIN-241,A00603,2025-07-15,3742400.42,3742400.42,0.0,Matched,0,Matched
604,CLO-BAIN-241,A00604,2025-07-15,2954893.68,2954893.68,0.0,Matched,0,Matched
605,CLO-BAIN-241,A00605,2025-07-15,2976724.48,2976724.48,0.0,Matched,0,Matched
606,CLO-BAIN-241,A00606,2025-07-15,3213239.45,3213239.45,0.0,Matched,0,Matched
607,CLO-BAIN-241,A00607,2025-07-15,2241655.49,2241655.49,0.0,Matched,0,Matched
608,CLO-BAIN-241,A00608,2025-07-15,1989747.28,1989747.28,0.0,Matched,0,Matched
609,CLO-BAIN-241,A00609,2025-07-15,3626606.74,3626606.74,0.0,Matched,0,Matched
610,CLO-BAIN-241,A00610,2025-07-15,3151352.97,3151352.97,0.0,Matched,0,Matched
611,CLO-BAIN-241,A00611,2025-07-15,3185778.42,3185778.42,0.0,Matched,0,Matched
612,CLO-BAIN-241,A00612,2025-07-15,2925094.9,2925094.9,0.0,Matched,0,Matched
613,CLO-BAIN-241,A00613,2025-07-15,2406935.08,2406935.08,0.0,Matched,0,Matched
614,CLO-BAIN-241,A00614,2025-07-15,3683981.12,3683981.12,0.0,Matched,0,Matched
615,CLO-BAIN-241,A00615,2025-07-15,2643651.8,2643651.8,0.0,Matched,0,Matched
616,CLO-BAIN-241,A00616,2025-07-15,1849112.06,1849112.06,0.0,Matched,0,Matched
617,CLO-BAIN-241,A00617,2025-07-15,3282995.95,3282995.95,0.0,Matched,0,Matched
618,CLO-BAIN-241,A00618,2025-07-15,3615115.95,3615115.95,0.0,Matched,0,Matched
619,CLO-BAIN-241,A00619,2025-07-15,1809772.35,1809772.35,0.0,Matched,0,Matched
620,CLO-BAIN-241,A00620,2025-07-15,3469954.24,3469954.24,0.0,Matched,0,Matched
621,CLO-BAIN-241,A00621,2025-07-15,2654890.19,2654890.19,0.0,Matched,0,Matched
622,CLO-BAIN-241,A00622,2025-07-15,1996821.55,1996821.55,0.0,Matched,0,Matched
623,CLO-BAIN-241,A00623,2025-07-15,3497991.28,3497991.28,0.0,Matched,0,Matched
624,CLO-BAIN-241,A00624,2025-07-15,3758519.07,3758519.07,0.0,Matched,0,Matched
625,CLO-BAIN-241,A00625,2025-07-15,2895756.65,2895756.65,0.0,Matched,0,Matched
626,CLO-BAIN-241,A00626,2025-07-15,1988270.53,1807518.66,180751.87,Position Break,12,Open
627,CLO-BAIN-241,A00627,2025-07-15,2818294.43,2818294.43,0.0,Matched,0,Matched
628,CLO-BAIN-241,A00628,2025-07-15,3439072.28,3439072.28,0.0,Matched,0,Matched
629,CLO-BAIN-241,A00629,2025-07-15,1901011.77,1901011.77,0.0,Matched,0,Matched
630,CLO-BAIN-241,A00630,2025-07-15,3512930.47,3512930.47,0.0,Matched,0,Matched
631,CLO-BAIN-241,A00631,2025-07-15,2281119.23,2281119.23,0.0,Matched,0,Matched
632,CLO-BAIN-241,A00632,2025-07-15,2829599.61,2829599.61,0.0,Matched,0,Matched
633,CLO-BAIN-241,A00633,2025-07-15,2613048.85,2613048.85,0.0,Matched,0,Matched
634,CLO-BAIN-241,A00634,2025-07-15,2541852.51,2541852.51,0.0,Matched,0,Matched
635,CLO-BAIN-241,A00635,2025-07-15,1993316.85,1993316.85,0.0,Matched,0,Matched
636,CLO-BAIN-241,A00636,2025-07-15,2685289.06,2685289.06,0.0,Matched,0,Matched
637,CLO-BAIN-241,A00637,2025-07-15,1894043.11,1894043.11,0.0,Matched,0,Matched
638,CLO-BAIN-241,A00638,2025-07-15,3479385.74,3479385.74,0.0,Matched,0,Matched
639,CLO-BAIN-241,A00639,2025-07-15,2764188.25,2764188.25,0.0,Matched,0,Matched
640,CLO-BAIN-241,A00640,2025-07-15,2407144.36,2407144.36,0.0,Matched,0,Matched
641,CLO-BAIN-241,A00641,2025-07-15,2672274.55,2672274.55,0.0,Matched,0,Matched
642,CLO-BAIN-241,A00642,2025-07-15,2543306.16,2543306.16,0.0,Matched,0,Matched
643,CLO-BAIN-241,A00643,2025-07-15,3098398.48,3098398.48,0.0,Matched,0,Matched
644,CLO-BAIN-241,A00644,2025-07-15,2972454.05,2972454.05,0.0,Matched,0,Matched
645,CLO-BAIN-241,A00645,2025-07-15,2033286.7,2033286.7,0.0,Matched,0,Matched
646,CLO-BAIN-241,A00646,2025-07-15,3043402.01,3043402.01,0.0,Matched,0,Matched
647,CLO-BAIN-241,A00647,2025-07-15,2856678.61,2856678.61,0.0,Matched,0,Matched
648,CLO-BAIN-241,A00648,2025-07-15,1820165.79,1820165.79,0.0,Matched,0,Matched
649,CLO-BAIN-241,A00649,2025-07-15,2313020.23,2313020.23,0.0,Matched,0,Matched
650,CLO-BAIN-241,A00650,2025-07-15,3020106.37,3020106.37,0.0,Matched,0,Matched
651,CLO-BAIN-241,A00651,2025-07-15,2570927.7,2570927.7,0.0,Matched,0,Matched
652,CLO-BAIN-241,A00652,2025-07-15,1848263.92,1848263.92,0.0,Matched,0,Matched
653,CLO-BAIN-241,A00653,2025-07-15,2089368.97,2089368.97,0.0,Matched,0,Matched
654,CLO-BAIN-241,A00654,2025-07-15,2676561.36,2676561.36,0.0,Matched,0,Matched
655,CLO-BAIN-241,A00655,2025-07-15,2748561.8,2748561.8,0.0,Matched,0,Matched
656,CLO-BAIN-241,A00656,2025-07-15,0.0,1715765.96,-1715765.96,Missing at Trustee,6,Open
657,CLO-BAIN-241,A00657,2025-07-15,2269111.7,2269111.7,0.0,Matched,0,Matched
658,CLO-BAIN-241,A00658,2025-07-15,0.0,3282028.04,-3282028.04,Missing at Trustee,1,Open
659,CLO-BAIN-241,A00659,2025-07-15,1924455.29,1924455.29,0.0,Matched,0,Matched
660,CLO-BAIN-241,A00660,2025-07-15,3271493.38,3271493.38,0.0,Matched,0,Matched
661,CLO-BAIN-241,A00661,2025-07-15,0.0,3538162.66,-3538162.66,Missing at Trustee,10,Open
662,CLO-BAIN-241,A00662,2025-07-15,3424428.38,3424428.38,0.0,Matched,0,Matched
663,CLO-BAIN-241,A00663,2025-07-15,3401854.9,3401854.9,0.0,Matched,0,Matched
664,CLO-BAIN-241,A00664,2025-07-15,2776048.72,2776048.72,0.0,Matched,0,Matched
665,CLO-BAIN-241,A00665,2025-07-15,3118091.52,3118091.52,0.0,Matched,0,Matched
666,CLO-BAIN-241,A00666,2025-07-15,3222027.01,3222027.01,0.0,Matched,0,Matched
667,CLO-BAIN-241,A00667,2025-07-15,2845275.1,0.0,2845275.1,Missing Internally,12,Open
668,CLO-BAIN-241,A00668,2025-07-15,3696724.38,3696724.38,0.0,Matched,0,Matched
669,CLO-BAIN-241,A00669,2025-07-15,2256287.04,2256287.04,0.0,Matched,0,Matched
670,CLO-BAIN-241,A00670,2025-07-15,2867341.24,2867341.24,0.0,Matched,0,Matched
671,CLO-BAIN-241,A00671,2025-07-15,2610526.64,2610526.64,0.0,Matched,0,Matched
672,CLO-BAIN-241,A00672,2025-07-15,1665010.37,1665010.37,0.0,Matched,0,Matched
673,CLO-BAIN-241,A00673,2025-07-15,1736928.22,1736928.22,0.0,Matched,0,Matched
674,CLO-BAIN-241,A00674,2025-07-15,2664060.46,2664060.46,0.0,Matched,0,Matched
675,CLO-BAIN-241,A00675,2025-07-15,3505834.39,3505834.39,0.0,Matched,0,Matched
676,CLO-BAIN-241,A00676,2025-07-15,2510334.27,2510334.27,0.0,Matched,0,Matched
677,CLO-BAIN-241,A00677,2025-07-15,3488753.41,3488753.41,0.0,Matched,0,Matched
678,CLO-BAIN-241,A00678,2025-07-15,2063411.78,2063411.78,0.0,Matched,0,Matched
679,CLO-BAIN-241,A00679,2025-07-15,2214309.63,2214309.63,0.0,Matched,0,Matched
680,CLO-BAIN-241,A00680,2025-07-15,2638972.47,2638972.47,0.0,Matched,0,Matched
681,CLO-BAIN-241,A00681,2025-07-15,2419151.59,2419151.59,0.0,Matched,0,Matched
682,CLO-BAIN-241,A00682,2025-07-15,2931289.77,2931289.77,0.0,Matched,0,Matched
683,CLO-BAIN-241,A00683,2025-07-15,2733281.11,2733281.11,0.0,Matched,0,Matched
684,CLO-BAIN-241,A00684,2025-07-15,2385376.5,2385376.5,0.0,Matched,0,Matched
685,CLO-BAIN-241,A00685,2025-07-15,2711550.84,2711550.84,0.0,Matched,0,Matched
686,CLO-BAIN-241,A00686,2025-07-15,3949249.07,3949249.07,0.0,Matched,0,Matched
687,CLO-BAIN-241,A00687,2025-07-15,3766744.3,3766744.3,0.0,Matched,0,Matched
688,CLO-BAIN-241,A00688,2025-07-15,3251346.22,3612606.91,-361260.69,Position Break,10,Open
689,CLO-BAIN-241,A00689,2025-07-15,2504344.39,2504344.39,0.0,Matched,0,Matched
690,CLO-BAIN-241,A00690,2025-07-15,2013459.57,2013459.57,0.0,Matched,0,Matched
691,CLO-BAIN-241,A00691,2025-07-15,1917523.35,1917523.35,0.0,Matched,0,Matched
692,CLO-BAIN-241,A00692,2025-07-15,3412879.02,0.0,3412879.02,Missing Internally,23,Escalated
693,CLO-BAIN-241,A00693,2025-07-15,3672482.15,3672482.15,0.0,Matched,0,Matched
694,CLO-BAIN-241,A00694,2025-07-15,1761619.16,1761619.16,0.0,Matched,0,Matched
695,CLO-BAIN-241,A00695,2025-07-15,3293221.03,3293221.03,0.0,Matched,0,Matched
696,CLO-BAIN-241,A00696,2025-07-15,2989309.43,2989309.43,0.0,Matched,0,Matched
697,CLO-BAIN-241,A00697,2025-07-15,2499993.3,2499993.3,0.0,Matched,0,Matched
698,CLO-BAIN-241,A00698,2025-07-15,2152563.16,2152563.16,0.0,Matched,0,Matched
699,CLO-BAIN-241,A00699,2025-07-15,2357945.84,2357945.84,0.0,Matched,0,Matched
700,CLO-BAIN-241,A00700,2025-07-15,2820941.76,2820941.76,0.0,Matched,0,Matched
